CustomerID,FirstName,LastName,Age,Gender,Email,City,SignupDate,LastPurchaseAmount
1,John,Doe,28,Male,john.doe@email.com,New York,2022-01-15,100.5
2,Jane,Smith,,Female,jane.smith@email.com,Los Angeles,2022-01-16,
3,Peter,Jones,35,male,peter.jones@email.com,Chicago,2022-01-17,75
4,Mary,Brown,42,Female,mary.b@email.com,new york,2022-01-18,250.25
5,John,Doe,28,Male,john.doe@email.com,New York,2022-01-15,100.5
6,,,31,Male,sam@email.com,Chicago,2022-01-20,50
7,Emily,Davis,22,female,emily.davis@email.com,Los Angeles,22-01-2022,
